[{"id":43388,"name":"CPMZN-5741","partner_id":[109584,"LESCHACO MEXICANA SA DE CV"],"x_ejecutivo_viaje_bel":"Daniela Cruz","x_reference":"TCKU1008882 BOOKING; 2729421970","x_modo_bel":"exp","x_mov_bel":"CIMA","x_eco_retiro_id":[6643,"C-0017 [23AA6V]"],"x_remolque_1_retiro":false,"x_remolque_2_retiro":false,"x_dolly_retiro":false,"x_operador_retiro_id":[760,"(760) PAYAN ENRIQUEZ RONALDO DE JESUS"],"x_inicio_programado_retiro":"2023-11-12 17:19:44","x_terminal_bel":"ICAVE ","x_eco_ingreso_id":[6672,"C-0082 [12AH6D]"],"x_remolque_1_ingreso":[6974,"PL-034 [53YA5B]"],"x_remolque_2_ingreso":[6991,"PL-051 [72YA5B]"],"x_dolly_ingreso":[6695,"DL-007 [S\/P]"],"x_inicio_programado_ingreso":"2024-01-17 19:04:00","x_mov_ingreso_bel_id":[299,"(299) RIVERO CONTRERAS LUIS ALBERTO"],"x_status_bel":"P","x_llegada_patio":"2023-12-03 05:41:08","x_fechaing_bel":false,"x_solicitud_enlazada":false}]