[{"id":43289,"x_eco_retiro_id":[6643,"C-0017 [23AA6V]"],"x_remolque_1_retiro":false,"x_remolque_2_retiro":false,"x_dolly_retiro":false,"x_eco_ingreso_id":[6672,"C-0082 [12AH6D]"],"x_remolque_1_ingreso":[6974,"PL-034 [53YA5B]"],"x_remolque_2_ingreso":[6991,"PL-051 [72YA5B]"],"x_dolly_ingreso":[6695,"DL-007 [S\/P]"],"x_motogenerador_1_retiro":false,"x_motogenerador_2_retiro":false,"x_motogenerador_1_ingreso":false,"x_motogenerador_2_ingreso":false,"x_reference":"NYKU0854708 BOOKING; MEXD27541300","x_reference_2":false}]