{"Retiro":[{"id":44616,"name":false,"x_reference":false,"x_operador_retiro_id":[299,"(299) RIVERO CONTRERAS LUIS ALBERTO"],"x_mov_bel":"ICAVE ","x_eco_retiro_id":[6672,"C-0082 [12AH6D]"],"x_inicio_programado_retiro":"2024-01-18 13:13:00","x_remolque_1_retiro":[6752,"CH-002 [84TY5H]"],"x_remolque_2_retiro":[6844,"PL-022 [36UE2V]"],"x_dolly_retiro":[6707,"DL-018 [S\/P]"],"x_status_maniobra_retiro":false,"x_tipo_terminal_retiro":"puerto","x_ejecutivo_viaje_bel":"Sanchez Ceron Blanca Natalia","x_status_maniobra_ingreso":false,"x_mov_ingreso_bel_id":false,"x_eco_ingreso_id":false,"x_terminal_bel":false,"x_eco_bel_id":[7014,"C-0113 [39AR9F]"],"x_inicio_programado_ingreso":false,"travel_id":false,"x_programo_retiro_usuario":"RODRIGUEZ VALLEJO LUCERO LARISA"},{"id":44515,"name":"CPV-029027","x_reference":"CAIU2566977","x_operador_retiro_id":[299,"(299) RIVERO CONTRERAS LUIS ALBERTO"],"x_mov_bel":"CIUDAD INSDUSTRIAL ","x_eco_retiro_id":[6672,"C-0082 [12AH6D]"],"x_inicio_programado_retiro":"2024-01-16 08:00:00","x_remolque_1_retiro":[6786,"CH-016 [276XT4]"],"x_remolque_2_retiro":[6761,"PT-001 [418WB9]"],"x_dolly_retiro":[6691,"DL-003 [S\/P]"],"x_status_maniobra_retiro":false,"x_tipo_terminal_retiro":"externa","x_ejecutivo_viaje_bel":"Lucero Rodriguez Vallejo","x_status_maniobra_ingreso":"finalizado","x_mov_ingreso_bel_id":[898,"(898) LIMA REYES MICHEL ANTONIO"],"x_eco_ingreso_id":[6667,"C-0070 [207DX8]"],"x_terminal_bel":"SANTA FE ","x_eco_bel_id":false,"x_inicio_programado_ingreso":"2024-01-17 13:02:00","travel_id":[56481,"V-40813"],"x_programo_retiro_usuario":"GARCIA PEREZ NANCY LUCERO"}],"Ingreso":[{"id":44627,"name":"CPV-029090","x_reference":"MRSU3600495","x_operador_retiro_id":[434,"(434) MORALES HERNANDEZ JOSE HUMBERTO"],"x_mov_bel":"ICAVE","x_eco_retiro_id":[6642,"C-0016 [22AA6V]"],"x_inicio_programado_retiro":"2024-01-17 10:33:00","x_remolque_1_retiro":[6765,"CH-015 [65UB8R]"],"x_remolque_2_retiro":false,"x_dolly_retiro":false,"x_status_maniobra_retiro":"finalizado","x_tipo_terminal_retiro":"puerto","x_ejecutivo_viaje_bel":"Lucero Rodriguez Vallejo","x_status_maniobra_ingreso":false,"x_mov_ingreso_bel_id":[299,"(299) RIVERO CONTRERAS LUIS ALBERTO"],"x_eco_ingreso_id":[6672,"C-0082 [12AH6D]"],"x_terminal_bel":"CIMA ","x_eco_bel_id":false,"x_inicio_programado_ingreso":"2024-01-18 16:18:00","travel_id":[56580,"V-40893"],"x_programo_ingreso_usuario":"RODRIGUEZ VALLEJO LUCERO LARISA"},{"id":44111,"name":"CPMX-4446","x_reference":"CAIU8763016","x_operador_retiro_id":[244,"(244) ANGELES ROJO MANUEL EDUARDO"],"x_mov_bel":"MEDLOG","x_eco_retiro_id":[6668,"C-0071 [76BB3N]"],"x_inicio_programado_retiro":false,"x_remolque_1_retiro":false,"x_remolque_2_retiro":false,"x_dolly_retiro":false,"x_status_maniobra_retiro":false,"x_tipo_terminal_retiro":"externa","x_ejecutivo_viaje_bel":"Daniela Cruz","x_status_maniobra_ingreso":false,"x_mov_ingreso_bel_id":[299,"(299) RIVERO CONTRERAS LUIS ALBERTO"],"x_eco_ingreso_id":[6672,"C-0082 [12AH6D]"],"x_terminal_bel":"ICAVE ","x_eco_bel_id":[7051,"C-0121 [17AX5A]"],"x_inicio_programado_ingreso":"2024-01-17 19:21:00","travel_id":[56523,"V\/MEX-06449"],"x_programo_ingreso_usuario":"RODRIGUEZ VALLEJO LUCERO LARISA"},{"id":43289,"name":"CPMZN-5737","x_reference":"NYKU0854708 BOOKING; MEXD27541300","x_operador_retiro_id":[760,"(760) PAYAN ENRIQUEZ RONALDO DE JESUS"],"x_mov_bel":"CIMA","x_eco_retiro_id":[6643,"C-0017 [23AA6V]"],"x_inicio_programado_retiro":"2023-11-12 17:19:44","x_remolque_1_retiro":false,"x_remolque_2_retiro":false,"x_dolly_retiro":false,"x_status_maniobra_retiro":false,"x_tipo_terminal_retiro":"externa","x_ejecutivo_viaje_bel":"Daniela Cruz","x_status_maniobra_ingreso":false,"x_mov_ingreso_bel_id":[299,"(299) RIVERO CONTRERAS LUIS ALBERTO"],"x_eco_ingreso_id":[6672,"C-0082 [12AH6D]"],"x_terminal_bel":"ICAVE ","x_eco_bel_id":[7006,"C-0105 [95FA5A]"],"x_inicio_programado_ingreso":"2024-01-17 19:04:00","travel_id":[54948,"V\/MZN-08842"],"x_programo_ingreso_usuario":"RODRIGUEZ VALLEJO LUCERO LARISA"},{"id":43388,"name":"CPMZN-5741","x_reference":"TCKU1008882 BOOKING; 2729421970","x_operador_retiro_id":[760,"(760) PAYAN ENRIQUEZ RONALDO DE JESUS"],"x_mov_bel":"CIMA","x_eco_retiro_id":[6643,"C-0017 [23AA6V]"],"x_inicio_programado_retiro":"2023-11-12 17:19:44","x_remolque_1_retiro":false,"x_remolque_2_retiro":false,"x_dolly_retiro":false,"x_status_maniobra_retiro":false,"x_tipo_terminal_retiro":"externa","x_ejecutivo_viaje_bel":"Daniela Cruz","x_status_maniobra_ingreso":false,"x_mov_ingreso_bel_id":[299,"(299) RIVERO CONTRERAS LUIS ALBERTO"],"x_eco_ingreso_id":[6672,"C-0082 [12AH6D]"],"x_terminal_bel":"ICAVE ","x_eco_bel_id":[7006,"C-0105 [95FA5A]"],"x_inicio_programado_ingreso":"2024-01-17 19:04:00","travel_id":[54948,"V\/MZN-08842"],"x_programo_ingreso_usuario":"RODRIGUEZ VALLEJO LUCERO LARISA"},{"id":44371,"name":"CPV-028998","x_reference":"OOLU1553461","x_operador_retiro_id":[271,"(271) GORDILLO SALAS JESUS IVAN"],"x_mov_bel":"ICAVE 7-10","x_eco_retiro_id":[6660,"C-0057 [83AK2A]"],"x_inicio_programado_retiro":"2024-01-15 07:00:00","x_remolque_1_retiro":[6810,"PL-015 [99UA7S]"],"x_remolque_2_retiro":[6921,"CH-022 [12UH5B]"],"x_dolly_retiro":[6692,"DL-004 [S\/P]"],"x_status_maniobra_retiro":false,"x_tipo_terminal_retiro":"puerto","x_ejecutivo_viaje_bel":"Karina Isabel Rojas Castro","x_status_maniobra_ingreso":false,"x_mov_ingreso_bel_id":[299,"(299) RIVERO CONTRERAS LUIS ALBERTO"],"x_eco_ingreso_id":[6672,"C-0082 [12AH6D]"],"x_terminal_bel":"ISL","x_eco_bel_id":[7039,"C-0117 [12AS8S]"],"x_inicio_programado_ingreso":"2024-01-17 16:25:00","travel_id":[56540,"V-40862"],"x_programo_ingreso_usuario":"RODRIGUEZ VALLEJO LUCERO LARISA"},{"id":44400,"name":"CPV-028969","x_reference":"HLBU8149269","x_operador_retiro_id":[403,"(403) MARTINEZ ARRIAGA JONATHAN"],"x_mov_bel":"ICAVE  10-13","x_eco_retiro_id":[7038,"C-0116 [13AS8S]"],"x_inicio_programado_retiro":"2024-01-11 13:27:00","x_remolque_1_retiro":[6825,"CH-014 [756WT3]"],"x_remolque_2_retiro":[7047,"PL-058 [661YH9]"],"x_dolly_retiro":[7037,"DL-044 [N\/A]"],"x_status_maniobra_retiro":"finalizado","x_tipo_terminal_retiro":"puerto","x_ejecutivo_viaje_bel":"Karina Isabel Rojas Castro","x_status_maniobra_ingreso":false,"x_mov_ingreso_bel_id":[299,"(299) RIVERO CONTRERAS LUIS ALBERTO"],"x_eco_ingreso_id":[6672,"C-0082 [12AH6D]"],"x_terminal_bel":"ICAVE ","x_eco_bel_id":[6658,"C-0055 [74AD9Z]"],"x_inicio_programado_ingreso":"2024-01-17 14:39:00","travel_id":[56266,"V-40685"],"x_programo_ingreso_usuario":"RODRIGUEZ VALLEJO LUCERO LARISA"}]}