{"Retiro":[{"id":42884,"name":"CPV-028079","x_reference":"GCXU5142931","x_operador_retiro_id":[920,"(920) HERNANDEZ BARRANCA JONATHAN GUSTAVO"],"x_mov_bel":"ICAVE 11-14","x_eco_retiro_id":[7187,"C-0139 [82BA2E]"],"x_inicio_programado_retiro":"2023-11-15 18:59:00","x_remolque_1_retiro":[6805,"PL-012 [23TY4W]"],"x_remolque_2_retiro":[7083,"PL-068 [512YJ1]"],"x_dolly_retiro":[7112,"DL-050 [No Plates]"],"x_status_maniobra_retiro":false,"x_tipo_terminal_retiro":"puerto","x_ejecutivo_viaje_bel":"Sanchez Ceron Blanca Natalia","x_status_maniobra_ingreso":false,"x_mov_ingreso_bel_id":false,"x_eco_ingreso_id":false,"x_terminal_bel":false,"x_eco_bel_id":[6902,"C-0034 [78AM1D]"],"x_inicio_programado_ingreso":false,"travel_id":[54346,"V-39352"]},{"id":42801,"name":"CPV-028078","x_reference":"CAIU8452631","x_operador_retiro_id":[920,"(920) HERNANDEZ BARRANCA JONATHAN GUSTAVO"],"x_mov_bel":"ICAVE 11-14","x_eco_retiro_id":[7187,"C-0139 [82BA2E]"],"x_inicio_programado_retiro":"2023-11-15 18:59:00","x_remolque_1_retiro":[6805,"PL-012 [23TY4W]"],"x_remolque_2_retiro":[7083,"PL-068 [512YJ1]"],"x_dolly_retiro":[7112,"DL-050 [No Plates]"],"x_status_maniobra_retiro":false,"x_tipo_terminal_retiro":"puerto","x_ejecutivo_viaje_bel":"Sanchez Ceron Blanca Natalia","x_status_maniobra_ingreso":false,"x_mov_ingreso_bel_id":false,"x_eco_ingreso_id":false,"x_terminal_bel":false,"x_eco_bel_id":[6902,"C-0034 [78AM1D]"],"x_inicio_programado_ingreso":false,"travel_id":[54346,"V-39352"]}],"Ingreso":[]}