[{"id":44645,"name":"CPV-029105","x_reference":"HLBU8008907","x_operador_retiro_id":[875,"(875) VAZQUEZ LAGUNES EDWIN"],"x_mov_bel":"GOLMEX 9-10:30","x_eco_retiro_id":[7011,"C-0110 [99FA5A]"],"x_inicio_programado_retiro":"2024-01-18 10:00:00","x_remolque_1_retiro":[6757,"CH-007 [98UJ9J]"],"x_remolque_2_retiro":[6920,"CH-021 [09UH5B]"],"x_dolly_retiro":[6834,"DL-024 [No Plates]"],"x_status_maniobra_retiro":"finalizado","x_tipo_terminal_retiro":"puerto","x_ejecutivo_viaje_bel":"Karina Isabel Rojas Castro","x_status_maniobra_ingreso":false,"x_mov_ingreso_bel_id":false,"x_eco_ingreso_id":false,"x_terminal_bel":false,"x_eco_bel_id":[7178,"C-0135 [71FA4L]"],"x_inicio_programado_ingreso":false,"travel_id":[56591,"V-40900"],"x_remolque_1_ingreso":false,"x_remolque_2_ingreso":false,"x_dolly_ingreso":false,"x_reference_2":false,"x_programo_retiro_usuario":"YURIDIA PALMEROS MORALES\n","x_programo_retiro_fecha":"2024-01-17 20:36:51"},{"id":44433,"name":"CPV-029057","x_reference":"TGBU3253097","x_operador_retiro_id":[776,"(776) CUEVAS SESMA FRANCISCO JAVIER"],"x_mov_bel":"GOLMEX 7-8:30","x_eco_retiro_id":[7176,"C-0133 [74FA4L]"],"x_inicio_programado_retiro":"2024-01-18 08:00:00","x_remolque_1_retiro":[6810,"PL-015 [99UA7S]"],"x_remolque_2_retiro":false,"x_dolly_retiro":false,"x_status_maniobra_retiro":"finalizado","x_tipo_terminal_retiro":"puerto","x_ejecutivo_viaje_bel":"Karina Isabel Rojas Castro","x_status_maniobra_ingreso":false,"x_mov_ingreso_bel_id":false,"x_eco_ingreso_id":false,"x_terminal_bel":false,"x_eco_bel_id":[7206,"C-0148 [95BB4N]"],"x_inicio_programado_ingreso":false,"travel_id":[56630,"V\/MZN-09235"],"x_remolque_1_ingreso":false,"x_remolque_2_ingreso":false,"x_dolly_ingreso":false,"x_reference_2":false,"x_programo_retiro_usuario":"YURIDIA PALMEROS MORALES\n","x_programo_retiro_fecha":"2024-01-17 20:34:20"},{"id":44598,"name":"CPV-029099","x_reference":"SUDU7680017","x_operador_retiro_id":[905,"(905) ARELLANO GONZALEZ JHONY FRANCISCO"],"x_mov_bel":"ICAVE 6-9","x_eco_retiro_id":[7190,"C-0142 [85BA2E]"],"x_inicio_programado_retiro":"2024-01-18 08:00:00","x_remolque_1_retiro":[6798,"PL-005 [348WB9]"],"x_remolque_2_retiro":false,"x_dolly_retiro":false,"x_status_maniobra_retiro":"finalizado","x_tipo_terminal_retiro":"puerto","x_ejecutivo_viaje_bel":"Yuridia Palmeros Morales","x_status_maniobra_ingreso":false,"x_mov_ingreso_bel_id":false,"x_eco_ingreso_id":false,"x_terminal_bel":false,"x_eco_bel_id":[6901,"C-0033 [77AM1D]"],"x_inicio_programado_ingreso":false,"travel_id":[56585,"V-40896"],"x_remolque_1_ingreso":false,"x_remolque_2_ingreso":false,"x_dolly_ingreso":false,"x_reference_2":false,"x_programo_retiro_usuario":"YURIDIA PALMEROS MORALES\n","x_programo_retiro_fecha":"2024-01-17 19:49:57"},{"id":44536,"name":"CPV-029108","x_reference":"BEAU6247504","x_operador_retiro_id":[620,"(620) ACEVEDO AGUILAR OSCAR"],"x_mov_bel":"CICE    7- 8 EXAMEN PSICOFISICO Y LINEAMIENTOS DE OMYA","x_eco_retiro_id":[7137,"C-0132 [61AY9K]"],"x_inicio_programado_retiro":"2024-01-18 06:00:00","x_remolque_1_retiro":[6788,"CH-018 [274XT4]"],"x_remolque_2_retiro":false,"x_dolly_retiro":false,"x_status_maniobra_retiro":"finalizado","x_tipo_terminal_retiro":"puerto","x_ejecutivo_viaje_bel":"Sanchez Ceron Blanca Natalia","x_status_maniobra_ingreso":false,"x_mov_ingreso_bel_id":false,"x_eco_ingreso_id":false,"x_terminal_bel":false,"x_eco_bel_id":[6884,"C-0027 [06AM1D]"],"x_inicio_programado_ingreso":false,"travel_id":[56590,"V-40899"],"x_remolque_1_ingreso":false,"x_remolque_2_ingreso":false,"x_dolly_ingreso":false,"x_reference_2":false,"x_programo_retiro_usuario":"SANCHEZ CERON BLANCA NATALIA\n","x_programo_retiro_fecha":"2024-01-17 20:00:44"},{"id":44590,"name":"CPV-029109","x_reference":"HMJU2600798","x_operador_retiro_id":[271,"(271) GORDILLO SALAS JESUS IVAN"],"x_mov_bel":"ICAVE 1-4","x_eco_retiro_id":[6660,"C-0057 [83AK2A]"],"x_inicio_programado_retiro":"2024-01-18 03:00:00","x_remolque_1_retiro":[6848,"PT-008 [39UE2V]"],"x_remolque_2_retiro":false,"x_dolly_retiro":false,"x_status_maniobra_retiro":"finalizado","x_tipo_terminal_retiro":"puerto","x_ejecutivo_viaje_bel":"Karina Isabel Rojas Castro","x_status_maniobra_ingreso":false,"x_mov_ingreso_bel_id":false,"x_eco_ingreso_id":false,"x_terminal_bel":false,"x_eco_bel_id":[7082,"C-0130 [03AY9J]"],"x_inicio_programado_ingreso":false,"travel_id":[56593,"V-40902"],"x_remolque_1_ingreso":false,"x_remolque_2_ingreso":false,"x_dolly_ingreso":false,"x_reference_2":false,"x_programo_retiro_usuario":"YURIDIA PALMEROS MORALES\n","x_programo_retiro_fecha":"2024-01-17 20:14:46"},{"id":44591,"name":"CPV-029111","x_reference":"HMJU2606116","x_operador_retiro_id":[403,"(403) MARTINEZ ARRIAGA JONATHAN"],"x_mov_bel":"ICAVE 1-4","x_eco_retiro_id":[7038,"C-0116 [13AS8S]"],"x_inicio_programado_retiro":"2024-01-18 03:00:00","x_remolque_1_retiro":[6791,"PT-004 [385WL8]"],"x_remolque_2_retiro":false,"x_dolly_retiro":false,"x_status_maniobra_retiro":"finalizado","x_tipo_terminal_retiro":"puerto","x_ejecutivo_viaje_bel":"Karina Isabel Rojas Castro","x_status_maniobra_ingreso":false,"x_mov_ingreso_bel_id":false,"x_eco_ingreso_id":false,"x_terminal_bel":false,"x_eco_bel_id":false,"x_inicio_programado_ingreso":false,"travel_id":[56603,"V-40905"],"x_remolque_1_ingreso":false,"x_remolque_2_ingreso":false,"x_dolly_ingreso":false,"x_reference_2":false,"x_programo_retiro_usuario":"YURIDIA PALMEROS MORALES\n","x_programo_retiro_fecha":"2024-01-17 20:27:14"},{"id":44586,"name":"CPV-029088","x_reference":"HMJU2607339","x_operador_retiro_id":[536,"(536) BLANCO MOLINA RUBEN"],"x_mov_bel":"ICAVE 1-3","x_eco_retiro_id":[6883,"C-0026 [33AM4Y]"],"x_inicio_programado_retiro":"2024-01-18 02:00:00","x_remolque_1_retiro":[6761,"PT-001 [418WB9]"],"x_remolque_2_retiro":false,"x_dolly_retiro":false,"x_status_maniobra_retiro":"finalizado","x_tipo_terminal_retiro":"puerto","x_ejecutivo_viaje_bel":"Karina Isabel Rojas Castro","x_status_maniobra_ingreso":false,"x_mov_ingreso_bel_id":false,"x_eco_ingreso_id":false,"x_terminal_bel":false,"x_eco_bel_id":[6883,"C-0026 [33AM4Y]"],"x_inicio_programado_ingreso":false,"travel_id":[56578,"V-40891"],"x_remolque_1_ingreso":false,"x_remolque_2_ingreso":false,"x_dolly_ingreso":false,"x_reference_2":false,"x_programo_retiro_usuario":"YURIDIA PALMEROS MORALES\n","x_programo_retiro_fecha":"2024-01-17 20:17:44"},{"id":44592,"name":"CPV-029110","x_reference":"HMJU2606522","x_operador_retiro_id":[303,"(303) SANGABRIEL MOTA RAFAEL"],"x_mov_bel":"ICAVE 1-3","x_eco_retiro_id":[6895,"C-0028 [36AM2Y]"],"x_inicio_programado_retiro":"2024-01-18 02:00:00","x_remolque_1_retiro":[6789,"PT-002 [785UM1]"],"x_remolque_2_retiro":false,"x_dolly_retiro":false,"x_status_maniobra_retiro":"finalizado","x_tipo_terminal_retiro":"puerto","x_ejecutivo_viaje_bel":"Karina Isabel Rojas Castro","x_status_maniobra_ingreso":false,"x_mov_ingreso_bel_id":false,"x_eco_ingreso_id":false,"x_terminal_bel":false,"x_eco_bel_id":[6895,"C-0028 [36AM2Y]"],"x_inicio_programado_ingreso":false,"travel_id":[56601,"V-40904"],"x_remolque_1_ingreso":false,"x_remolque_2_ingreso":false,"x_dolly_ingreso":false,"x_reference_2":false,"x_programo_retiro_usuario":"YURIDIA PALMEROS MORALES\n","x_programo_retiro_fecha":"2024-01-17 20:25:44"},{"id":44584,"name":"CPV-029086","x_reference":"HMJU2606991","x_operador_retiro_id":[312,"(312) VERDEJO MADRIGAL HUGO"],"x_mov_bel":"ICAVE 00-2","x_eco_retiro_id":[7178,"C-0135 [71FA4L]"],"x_inicio_programado_retiro":"2024-01-18 01:00:00","x_remolque_1_retiro":[6790,"PT-003 [786UM1]"],"x_remolque_2_retiro":false,"x_dolly_retiro":false,"x_status_maniobra_retiro":"finalizado","x_tipo_terminal_retiro":"puerto","x_ejecutivo_viaje_bel":"Karina Isabel Rojas Castro","x_status_maniobra_ingreso":false,"x_mov_ingreso_bel_id":false,"x_eco_ingreso_id":false,"x_terminal_bel":false,"x_eco_bel_id":[6660,"C-0057 [83AK2A]"],"x_inicio_programado_ingreso":false,"travel_id":[56576,"V-40889"],"x_remolque_1_ingreso":false,"x_remolque_2_ingreso":false,"x_dolly_ingreso":false,"x_reference_2":false,"x_programo_retiro_usuario":"YURIDIA PALMEROS MORALES\n","x_programo_retiro_fecha":"2024-01-17 20:22:31"},{"id":44585,"name":"CPV-029087","x_reference":"HMJU2607107","x_operador_retiro_id":[848,"(848) HERNANDEZ LOPEZ SERGIO"],"x_mov_bel":"ICAVE 00-2","x_eco_retiro_id":[7013,"C-0112 [37AR9F]"],"x_inicio_programado_retiro":"2024-01-18 01:00:00","x_remolque_1_retiro":[6847,"PT-007 [40UE2V]"],"x_remolque_2_retiro":false,"x_dolly_retiro":false,"x_status_maniobra_retiro":"finalizado","x_tipo_terminal_retiro":"puerto","x_ejecutivo_viaje_bel":"Karina Isabel Rojas Castro","x_status_maniobra_ingreso":false,"x_mov_ingreso_bel_id":false,"x_eco_ingreso_id":false,"x_terminal_bel":false,"x_eco_bel_id":[7011,"C-0110 [99FA5A]"],"x_inicio_programado_ingreso":false,"travel_id":[56577,"V-40890"],"x_remolque_1_ingreso":false,"x_remolque_2_ingreso":false,"x_dolly_ingreso":false,"x_reference_2":false,"x_programo_retiro_usuario":"YURIDIA PALMEROS MORALES\n","x_programo_retiro_fecha":"2024-01-17 20:20:43"},{"id":44661,"name":"CPV-029119","x_reference":"MSMU3499970","x_operador_retiro_id":[898,"(898) LIMA REYES MICHEL ANTONIO"],"x_mov_bel":"ISL","x_eco_retiro_id":[6667,"C-0070 [207DX8]"],"x_inicio_programado_retiro":"2024-01-17 20:15:00","x_remolque_1_retiro":[7105,"PL-070 [514YJ1]"],"x_remolque_2_retiro":false,"x_dolly_retiro":false,"x_status_maniobra_retiro":"finalizado","x_tipo_terminal_retiro":"externa","x_ejecutivo_viaje_bel":"Sanchez Ceron Blanca Natalia","x_status_maniobra_ingreso":false,"x_mov_ingreso_bel_id":false,"x_eco_ingreso_id":false,"x_terminal_bel":false,"x_eco_bel_id":[7005,"C-0104 [744FF3]"],"x_inicio_programado_ingreso":false,"travel_id":[56606,"V-40908"],"x_remolque_1_ingreso":false,"x_remolque_2_ingreso":false,"x_dolly_ingreso":false,"x_reference_2":false,"x_programo_retiro_usuario":"RODRIGUEZ VALLEJO LUCERO LARISA","x_programo_retiro_fecha":"2024-01-17 19:11:46"},{"id":44606,"name":"CPV-029114","x_reference":"TCLU4966921","x_operador_retiro_id":[793,"(793) ZARATE GARCIA WIHSTON ANTONIO"],"x_mov_bel":"CICE SAN JULIAN","x_eco_retiro_id":[7136,"C-0131 [62AY9K]"],"x_inicio_programado_retiro":"2024-01-17 16:00:00","x_remolque_1_retiro":[6755,"CH-005 [06UB9V]"],"x_remolque_2_retiro":false,"x_dolly_retiro":false,"x_status_maniobra_retiro":"finalizado","x_tipo_terminal_retiro":"externa","x_ejecutivo_viaje_bel":"Yuridia Palmeros Morales","x_status_maniobra_ingreso":false,"x_mov_ingreso_bel_id":false,"x_eco_ingreso_id":false,"x_terminal_bel":false,"x_eco_bel_id":[7180,"C-0137 [75FA4L]"],"x_inicio_programado_ingreso":false,"travel_id":[56600,"V-40903"],"x_remolque_1_ingreso":false,"x_remolque_2_ingreso":false,"x_dolly_ingreso":false,"x_reference_2":"BOOKING: 016481","x_programo_retiro_usuario":"YURIDIA PALMEROS MORALES\n","x_programo_retiro_fecha":"2024-01-17 15:15:21"},{"id":44485,"name":"CPV-029118","x_reference":"HAMU1083431","x_operador_retiro_id":[757,"(757) CANO BARRIOS JOSE MANUEL"],"x_mov_bel":"ICAVE 10-13","x_eco_retiro_id":[7187,"C-0139 [82BA2E]"],"x_inicio_programado_retiro":"2024-01-17 14:11:00","x_remolque_1_retiro":[6772,"PCE-006 [58UD7E]"],"x_remolque_2_retiro":false,"x_dolly_retiro":false,"x_status_maniobra_retiro":"finalizado","x_tipo_terminal_retiro":"puerto","x_ejecutivo_viaje_bel":"Sanchez Ceron Blanca Natalia","x_status_maniobra_ingreso":false,"x_mov_ingreso_bel_id":false,"x_eco_ingreso_id":false,"x_terminal_bel":false,"x_eco_bel_id":[7076,"C-0127 [39AY8J]"],"x_inicio_programado_ingreso":false,"travel_id":[56652,"V-40953"],"x_remolque_1_ingreso":false,"x_remolque_2_ingreso":false,"x_dolly_ingreso":false,"x_reference_2":false,"x_programo_retiro_usuario":"SANCHEZ CERON BLANCA NATALIA\n","x_programo_retiro_fecha":"2024-01-17 12:12:01"},{"id":44634,"name":"CPV-029113","x_reference":"MSDU2739664","x_operador_retiro_id":[919,"(919) SANDEMAN GUERRERO ERNESTO JAVIER"],"x_mov_bel":"ISL","x_eco_retiro_id":[7176,"C-0133 [74FA4L]"],"x_inicio_programado_retiro":"2024-01-17 14:09:00","x_remolque_1_retiro":[6838,"PCE-020 [60UE2V]"],"x_remolque_2_retiro":false,"x_dolly_retiro":false,"x_status_maniobra_retiro":"finalizado","x_tipo_terminal_retiro":"externa","x_ejecutivo_viaje_bel":"Sanchez Ceron Blanca Natalia","x_status_maniobra_ingreso":false,"x_mov_ingreso_bel_id":false,"x_eco_ingreso_id":false,"x_terminal_bel":false,"x_eco_bel_id":[7005,"C-0104 [744FF3]"],"x_inicio_programado_ingreso":false,"travel_id":[56606,"V-40908"],"x_remolque_1_ingreso":false,"x_remolque_2_ingreso":false,"x_dolly_ingreso":false,"x_reference_2":false,"x_programo_retiro_usuario":"SANCHEZ CERON BLANCA NATALIA\n","x_programo_retiro_fecha":"2024-01-17 12:09:22"},{"id":44599,"name":"CPV-029076","x_reference":"HLBU1249287","x_operador_retiro_id":[403,"(403) MARTINEZ ARRIAGA JONATHAN"],"x_mov_bel":"ICAVE 7-10","x_eco_retiro_id":[7038,"C-0116 [13AS8S]"],"x_inicio_programado_retiro":"2024-01-17 14:00:00","x_remolque_1_retiro":[7054,"PL-060 [659YH9]"],"x_remolque_2_retiro":[6970,"PL-031 [22YA5B]"],"x_dolly_retiro":[6705,"DL-016 [S\/P]"],"x_status_maniobra_retiro":"finalizado","x_tipo_terminal_retiro":"puerto","x_ejecutivo_viaje_bel":"Karina Isabel Rojas Castro","x_status_maniobra_ingreso":false,"x_mov_ingreso_bel_id":false,"x_eco_ingreso_id":false,"x_terminal_bel":false,"x_eco_bel_id":[6882,"C-0025 [08AM1D]"],"x_inicio_programado_ingreso":false,"travel_id":[56659,"V-40960"],"x_remolque_1_ingreso":false,"x_remolque_2_ingreso":false,"x_dolly_ingreso":false,"x_reference_2":false,"x_programo_retiro_usuario":"KARINA ISABEL ROJAS CASTRO\n","x_programo_retiro_fecha":"2024-01-17 12:22:40"},{"id":44624,"name":"CPV-029085","x_reference":"HLXU5665042","x_operador_retiro_id":[549,"(549) MU\u00d1OZ JIMENEZ JOSE ALFREDO"],"x_mov_bel":"GOLMEX 15 \/\/ VIAJA CON EUTIMIO","x_eco_retiro_id":[7039,"C-0117 [12AS8S]"],"x_inicio_programado_retiro":"2024-01-17 13:40:00","x_remolque_1_retiro":[6809,"PL-014 [97UA7S]"],"x_remolque_2_retiro":[6825,"CH-014 [756WT3]"],"x_dolly_retiro":[7037,"DL-044 [N\/A]"],"x_status_maniobra_retiro":"finalizado","x_tipo_terminal_retiro":"puerto","x_ejecutivo_viaje_bel":"Karina Isabel Rojas Castro","x_status_maniobra_ingreso":false,"x_mov_ingreso_bel_id":false,"x_eco_ingreso_id":false,"x_terminal_bel":false,"x_eco_bel_id":[6900,"C-0032 [51AM1D]"],"x_inicio_programado_ingreso":false,"travel_id":[56660,"V-40961"],"x_remolque_1_ingreso":false,"x_remolque_2_ingreso":false,"x_dolly_ingreso":false,"x_reference_2":false,"x_programo_retiro_usuario":"KARINA ISABEL ROJAS CASTRO\n","x_programo_retiro_fecha":"2024-01-17 13:37:53"},{"id":44427,"name":"CPV-029116","x_reference":"SUDU7886142","x_operador_retiro_id":[955,"(955) MORENO VILLALOBOS DIEGO EMILIANO"],"x_mov_bel":"CIMA","x_eco_retiro_id":[7012,"C-0111 [36AR9F]"],"x_inicio_programado_retiro":"2024-01-17 13:17:00","x_remolque_1_retiro":[6760,"CH-010 [59UL4C]"],"x_remolque_2_retiro":false,"x_dolly_retiro":false,"x_status_maniobra_retiro":"finalizado","x_tipo_terminal_retiro":"externa","x_ejecutivo_viaje_bel":"Sanchez Ceron Blanca Natalia","x_status_maniobra_ingreso":false,"x_mov_ingreso_bel_id":false,"x_eco_ingreso_id":false,"x_terminal_bel":false,"x_eco_bel_id":[6664,"C-0061 [85AK2A]"],"x_inicio_programado_ingreso":false,"travel_id":[56646,"V-40947"],"x_remolque_1_ingreso":false,"x_remolque_2_ingreso":false,"x_dolly_ingreso":false,"x_reference_2":false,"x_programo_retiro_usuario":"SANCHEZ CERON BLANCA NATALIA\n","x_programo_retiro_fecha":"2024-01-17 12:17:57"},{"id":44579,"name":"CPV-029079","x_reference":"TPMU1512138","x_operador_retiro_id":[468,"(468) SANGABRIEL ARGUELLES RAFAEL"],"x_mov_bel":"FALTA DODA","x_eco_retiro_id":[7051,"C-0121 [17AX5A]"],"x_inicio_programado_retiro":"2024-01-17 11:50:00","x_remolque_1_retiro":[6846,"PT-006 [41UE2V]"],"x_remolque_2_retiro":[6792,"PT-005 [386WL8]"],"x_dolly_retiro":[6703,"DL-014 [S\/P]"],"x_status_maniobra_retiro":false,"x_tipo_terminal_retiro":"puerto","x_ejecutivo_viaje_bel":"Karina Isabel Rojas Castro","x_status_maniobra_ingreso":false,"x_mov_ingreso_bel_id":false,"x_eco_ingreso_id":false,"x_terminal_bel":false,"x_eco_bel_id":[6658,"C-0055 [74AD9Z]"],"x_inicio_programado_ingreso":false,"travel_id":[56657,"V-40958"],"x_remolque_1_ingreso":false,"x_remolque_2_ingreso":false,"x_dolly_ingreso":false,"x_reference_2":false,"x_programo_retiro_usuario":"Maricruz Orozco Lara","x_programo_retiro_fecha":"2024-01-17 11:40:54"},{"id":44519,"name":"CPV-029067","x_reference":"CMAU5790113","x_operador_retiro_id":[899,"(899) MORALES RODRIGUEZ OLIVER MARINO"],"x_mov_bel":"CICE 11 -12","x_eco_retiro_id":[7076,"C-0127 [39AY8J]"],"x_inicio_programado_retiro":"2024-01-17 11:46:00","x_remolque_1_retiro":[6971,"PL-032 [23YA5B]"],"x_remolque_2_retiro":false,"x_dolly_retiro":false,"x_status_maniobra_retiro":"finalizado","x_tipo_terminal_retiro":"puerto","x_ejecutivo_viaje_bel":"Karina Isabel Rojas Castro","x_status_maniobra_ingreso":false,"x_mov_ingreso_bel_id":false,"x_eco_ingreso_id":false,"x_terminal_bel":false,"x_eco_bel_id":[7188,"C-0140 [83BA2E]"],"x_inicio_programado_ingreso":false,"travel_id":[56607,"V-40909"],"x_remolque_1_ingreso":false,"x_remolque_2_ingreso":false,"x_dolly_ingreso":false,"x_reference_2":false,"x_programo_retiro_usuario":"KARINA ISABEL ROJAS CASTRO\n","x_programo_retiro_fecha":"2024-01-17 11:44:06"},{"id":44538,"name":"CPV-029080","x_reference":"GESU8055468","x_operador_retiro_id":[705,"(705) CONTRERAS LUNA JONATHAN"],"x_mov_bel":"ICAVE  10-13","x_eco_retiro_id":[7177,"C-0134 [72FA4L]"],"x_inicio_programado_retiro":"2024-01-17 10:36:00","x_remolque_1_retiro":[6761,"PT-001 [418WB9]"],"x_remolque_2_retiro":false,"x_dolly_retiro":false,"x_status_maniobra_retiro":"finalizado","x_tipo_terminal_retiro":"puerto","x_ejecutivo_viaje_bel":"Karina Isabel Rojas Castro","x_status_maniobra_ingreso":false,"x_mov_ingreso_bel_id":false,"x_eco_ingreso_id":false,"x_terminal_bel":false,"x_eco_bel_id":[7005,"C-0104 [744FF3]"],"x_inicio_programado_ingreso":false,"travel_id":[56568,"V-40884"],"x_remolque_1_ingreso":false,"x_remolque_2_ingreso":false,"x_dolly_ingreso":false,"x_reference_2":false,"x_programo_retiro_usuario":"KARINA ISABEL ROJAS CASTRO\n","x_programo_retiro_fecha":"2024-01-17 10:33:59"},{"id":44627,"name":"CPV-029090","x_reference":"MRSU3600495","x_operador_retiro_id":[434,"(434) MORALES HERNANDEZ JOSE HUMBERTO"],"x_mov_bel":"ICAVE","x_eco_retiro_id":[6642,"C-0016 [22AA6V]"],"x_inicio_programado_retiro":"2024-01-17 10:33:00","x_remolque_1_retiro":[6765,"CH-015 [65UB8R]"],"x_remolque_2_retiro":false,"x_dolly_retiro":false,"x_status_maniobra_retiro":"finalizado","x_tipo_terminal_retiro":"puerto","x_ejecutivo_viaje_bel":"Lucero Rodriguez Vallejo","x_status_maniobra_ingreso":false,"x_mov_ingreso_bel_id":[299,"(299) RIVERO CONTRERAS LUIS ALBERTO"],"x_eco_ingreso_id":[6672,"C-0082 [12AH6D]"],"x_terminal_bel":"CIMA ","x_eco_bel_id":false,"x_inicio_programado_ingreso":"2024-01-18 16:18:00","travel_id":[56580,"V-40893"],"x_remolque_1_ingreso":[6752,"CH-002 [84TY5H]"],"x_remolque_2_ingreso":[6844,"PL-022 [36UE2V]"],"x_dolly_ingreso":[6707,"DL-018 [S\/P]"],"x_reference_2":false,"x_programo_retiro_usuario":"RODRIGUEZ VALLEJO LUCERO LARISA","x_programo_retiro_fecha":"2024-01-17 10:27:10"},{"id":44578,"name":"CPV-029078","x_reference":"SEGU8007675","x_operador_retiro_id":[468,"(468) SANGABRIEL ARGUELLES RAFAEL"],"x_mov_bel":"FALTA DODA","x_eco_retiro_id":[7051,"C-0121 [17AX5A]"],"x_inicio_programado_retiro":"2024-01-17 10:29:00","x_remolque_1_retiro":[6846,"PT-006 [41UE2V]"],"x_remolque_2_retiro":[6792,"PT-005 [386WL8]"],"x_dolly_retiro":[6703,"DL-014 [S\/P]"],"x_status_maniobra_retiro":"finalizado","x_tipo_terminal_retiro":"puerto","x_ejecutivo_viaje_bel":"Karina Isabel Rojas Castro","x_status_maniobra_ingreso":false,"x_mov_ingreso_bel_id":false,"x_eco_ingreso_id":false,"x_terminal_bel":false,"x_eco_bel_id":[6859,"C-0063 [43AK4M]"],"x_inicio_programado_ingreso":false,"travel_id":[56658,"V-40959"],"x_remolque_1_ingreso":false,"x_remolque_2_ingreso":false,"x_dolly_ingreso":false,"x_reference_2":false,"x_programo_retiro_usuario":"KARINA ISABEL ROJAS CASTRO\n","x_programo_retiro_fecha":"2024-01-17 10:25:58"},{"id":44625,"name":"CPV-029089","x_reference":"CMAU9300258","x_operador_retiro_id":[299,"(299) RIVERO CONTRERAS LUIS ALBERTO"],"x_mov_bel":"CICE","x_eco_retiro_id":[6672,"C-0082 [12AH6D]"],"x_inicio_programado_retiro":"2024-01-17 10:00:00","x_remolque_1_retiro":[6763,"CH-012 [411WB9]"],"x_remolque_2_retiro":false,"x_dolly_retiro":false,"x_status_maniobra_retiro":"finalizado","x_tipo_terminal_retiro":"externa","x_ejecutivo_viaje_bel":"Lucero Rodriguez Vallejo","x_status_maniobra_ingreso":false,"x_mov_ingreso_bel_id":false,"x_eco_ingreso_id":false,"x_terminal_bel":false,"x_eco_bel_id":false,"x_inicio_programado_ingreso":false,"travel_id":[56579,"V-40892"],"x_remolque_1_ingreso":false,"x_remolque_2_ingreso":false,"x_dolly_ingreso":false,"x_reference_2":false,"x_programo_retiro_usuario":"RODRIGUEZ VALLEJO LUCERO LARISA","x_programo_retiro_fecha":"2024-01-17 09:58:28"},{"id":44564,"name":"CPV-029072","x_reference":"MSKU9434620","x_operador_retiro_id":[760,"(760) PAYAN ENRIQUEZ RONALDO DE JESUS"],"x_mov_bel":"ICAVE","x_eco_retiro_id":[6641,"C-0015 [57AR7E]"],"x_inicio_programado_retiro":"2024-01-17 09:42:00","x_remolque_1_retiro":[6796,"PL-003 [402WB9]"],"x_remolque_2_retiro":false,"x_dolly_retiro":false,"x_status_maniobra_retiro":"finalizado","x_tipo_terminal_retiro":"puerto","x_ejecutivo_viaje_bel":"Lucero Rodriguez Vallejo","x_status_maniobra_ingreso":"activo","x_mov_ingreso_bel_id":[299,"(299) RIVERO CONTRERAS LUIS ALBERTO"],"x_eco_ingreso_id":[6672,"C-0082 [12AH6D]"],"x_terminal_bel":"CIMA ","x_eco_bel_id":false,"x_inicio_programado_ingreso":"2024-01-18 16:33:00","travel_id":[56544,"V-40866"],"x_remolque_1_ingreso":[6752,"CH-002 [84TY5H]"],"x_remolque_2_ingreso":[6844,"PL-022 [36UE2V]"],"x_dolly_ingreso":[6707,"DL-018 [S\/P]"],"x_reference_2":false,"x_programo_retiro_usuario":"RODRIGUEZ VALLEJO LUCERO LARISA","x_programo_retiro_fecha":"2024-01-17 09:24:31"},{"id":44609,"name":"CPV-029082","x_reference":"MRSU3374119","x_operador_retiro_id":[841,"(841) RAMIREZ DURAN ARTURO"],"x_mov_bel":"ICAVE 6-9","x_eco_retiro_id":[7011,"C-0110 [99FA5A]"],"x_inicio_programado_retiro":"2024-01-17 08:00:00","x_remolque_1_retiro":[6805,"PL-012 [23TY4W]"],"x_remolque_2_retiro":false,"x_dolly_retiro":false,"x_status_maniobra_retiro":"finalizado","x_tipo_terminal_retiro":"puerto","x_ejecutivo_viaje_bel":"Yuridia Palmeros Morales","x_status_maniobra_ingreso":false,"x_mov_ingreso_bel_id":false,"x_eco_ingreso_id":false,"x_terminal_bel":false,"x_eco_bel_id":[7012,"C-0111 [36AR9F]"],"x_inicio_programado_ingreso":false,"travel_id":[56571,"V-40886"],"x_remolque_1_ingreso":false,"x_remolque_2_ingreso":false,"x_dolly_ingreso":false,"x_reference_2":false,"x_programo_retiro_usuario":"GARCIA PEREZ NANCY LUCERO","x_programo_retiro_fecha":"2024-01-17 07:45:04"},{"id":44574,"name":false,"x_reference":"240106940142","x_operador_retiro_id":false,"x_mov_bel":"CCIS","x_eco_retiro_id":false,"x_inicio_programado_retiro":"2024-01-17 08:00:00","x_remolque_1_retiro":[6798,"PL-005 [348WB9]"],"x_remolque_2_retiro":false,"x_dolly_retiro":false,"x_status_maniobra_retiro":"finalizado","x_tipo_terminal_retiro":"externa","x_ejecutivo_viaje_bel":"Karina Isabel Rojas Castro","x_status_maniobra_ingreso":false,"x_mov_ingreso_bel_id":false,"x_eco_ingreso_id":false,"x_terminal_bel":false,"x_eco_bel_id":false,"x_inicio_programado_ingreso":false,"travel_id":false,"x_remolque_1_ingreso":false,"x_remolque_2_ingreso":false,"x_dolly_ingreso":false,"x_reference_2":false,"x_programo_retiro_usuario":"GARCIA PEREZ NANCY LUCERO","x_programo_retiro_fecha":"2024-01-17 07:04:16"}]