[{"id":44118,"name":"CPMX-4444","x_reference":"MSDU8016153","x_operador_retiro_id":[244,"(244) ANGELES ROJO MANUEL EDUARDO"],"x_mov_bel":"MEDLOG","x_eco_retiro_id":[6668,"C-0071 [76BB3N]"],"x_inicio_programado_retiro":false,"x_remolque_1_retiro":false,"x_remolque_2_retiro":false,"x_dolly_retiro":false,"x_status_maniobra_retiro":false,"x_tipo_terminal_retiro":false,"x_ejecutivo_viaje_bel":"Daniela Cruz","x_status_maniobra_ingreso":"finalizado","x_mov_ingreso_bel_id":[885,"(885) CABRERA VENEROSO OLIVER DE JESUS"],"x_eco_ingreso_id":[6638,"C-0012 [84AY9K]"],"x_terminal_bel":"ICAVE ","x_eco_bel_id":[7176,"C-0133 [74FA4L]"],"x_inicio_programado_ingreso":"2024-01-17 21:27:00","travel_id":[56522,"V\/MEX-06448"],"x_remolque_1_ingreso":[6844,"PL-022 [36UE2V]"],"x_remolque_2_ingreso":[7032,"PL-054 [763YH7]"],"x_dolly_ingreso":[6707,"DL-018 [S\/P]"],"x_reference_2":false,"x_programo_ingreso_usuario":"RODRIGUEZ VALLEJO LUCERO LARISA","x_programo_ingreso_fecha":"2024-01-17 19:26:45"},{"id":44117,"name":"CPMX-4445","x_reference":"MEDU7181460","x_operador_retiro_id":[244,"(244) ANGELES ROJO MANUEL EDUARDO"],"x_mov_bel":"MEDLOG","x_eco_retiro_id":[6668,"C-0071 [76BB3N]"],"x_inicio_programado_retiro":false,"x_remolque_1_retiro":false,"x_remolque_2_retiro":false,"x_dolly_retiro":false,"x_status_maniobra_retiro":false,"x_tipo_terminal_retiro":"externa","x_ejecutivo_viaje_bel":"Daniela Cruz","x_status_maniobra_ingreso":false,"x_mov_ingreso_bel_id":[885,"(885) CABRERA VENEROSO OLIVER DE JESUS"],"x_eco_ingreso_id":[6638,"C-0012 [84AY9K]"],"x_terminal_bel":"ICAVE ","x_eco_bel_id":[7176,"C-0133 [74FA4L]"],"x_inicio_programado_ingreso":"2024-01-17 21:27:00","travel_id":[56522,"V\/MEX-06448"],"x_remolque_1_ingreso":[6844,"PL-022 [36UE2V]"],"x_remolque_2_ingreso":[7032,"PL-054 [763YH7]"],"x_dolly_ingreso":[6707,"DL-018 [S\/P]"],"x_reference_2":false,"x_programo_ingreso_usuario":"RODRIGUEZ VALLEJO LUCERO LARISA","x_programo_ingreso_fecha":"2024-01-17 19:26:45"},{"id":44424,"name":"CPV-029009","x_reference":"HLXU8057827","x_operador_retiro_id":[549,"(549) MU\u00d1OZ JIMENEZ JOSE ALFREDO"],"x_mov_bel":"ICAVE 3 -06","x_eco_retiro_id":[7039,"C-0117 [12AS8S]"],"x_inicio_programado_retiro":"2024-01-13 07:00:00","x_remolque_1_retiro":[6752,"CH-002 [84TY5H]"],"x_remolque_2_retiro":false,"x_dolly_retiro":false,"x_status_maniobra_retiro":"finalizado","x_tipo_terminal_retiro":"puerto","x_ejecutivo_viaje_bel":"Sanchez Ceron Blanca Natalia","x_status_maniobra_ingreso":"finalizado","x_mov_ingreso_bel_id":[720,"(720) PALACETO GONZALEZ ANGEL DE JESUS"],"x_eco_ingreso_id":[6655,"C-0052 [67BB3N]"],"x_terminal_bel":"ICAVE ","x_eco_bel_id":[7179,"C-0136 [73FA4L]"],"x_inicio_programado_ingreso":"2024-01-17 21:18:00","travel_id":[56513,"V-40842"],"x_remolque_1_ingreso":[6752,"CH-002 [84TY5H]"],"x_remolque_2_ingreso":false,"x_dolly_ingreso":false,"x_reference_2":false,"x_programo_ingreso_usuario":"RODRIGUEZ VALLEJO LUCERO LARISA","x_programo_ingreso_fecha":"2024-01-17 19:16:53"},{"id":44434,"name":"CPV-028989","x_reference":"HLBU8052561","x_operador_retiro_id":[434,"(434) MORALES HERNANDEZ JOSE HUMBERTO"],"x_mov_bel":"ICAVE","x_eco_retiro_id":[6642,"C-0016 [22AA6V]"],"x_inicio_programado_retiro":"2024-01-12 04:17:00","x_remolque_1_retiro":[6786,"CH-016 [276XT4]"],"x_remolque_2_retiro":[6795,"PL-002 [04TZ9U]"],"x_dolly_retiro":[6836,"DL-026 [No Plates]"],"x_status_maniobra_retiro":"finalizado","x_tipo_terminal_retiro":"puerto","x_ejecutivo_viaje_bel":"Lucero Rodriguez Vallejo","x_status_maniobra_ingreso":"finalizado","x_mov_ingreso_bel_id":[760,"(760) PAYAN ENRIQUEZ RONALDO DE JESUS"],"x_eco_ingreso_id":[6641,"C-0015 [57AR7E]"],"x_terminal_bel":"ICAVE ","x_eco_bel_id":false,"x_inicio_programado_ingreso":"2024-01-17 20:33:00","travel_id":[56322,"V-40736"],"x_remolque_1_ingreso":[6796,"PL-003 [402WB9]"],"x_remolque_2_ingreso":false,"x_dolly_ingreso":false,"x_reference_2":false,"x_programo_ingreso_usuario":"RODRIGUEZ VALLEJO LUCERO LARISA","x_programo_ingreso_fecha":"2024-01-17 19:37:40"},{"id":44420,"name":"CPV-029023","x_reference":"HLXU3440469","x_operador_retiro_id":[649,"(649) ESTEBAN SOSA RODOLFO FLAVIO"],"x_mov_bel":"ICAVE 2-3","x_eco_retiro_id":[7082,"C-0130 [03AY9J]"],"x_inicio_programado_retiro":"2024-01-13 23:00:00","x_remolque_1_retiro":[7181,"CH-032 [318YJ4]"],"x_remolque_2_retiro":false,"x_dolly_retiro":false,"x_status_maniobra_retiro":"finalizado","x_tipo_terminal_retiro":"puerto","x_ejecutivo_viaje_bel":"Sanchez Ceron Blanca Natalia","x_status_maniobra_ingreso":"finalizado","x_mov_ingreso_bel_id":[885,"(885) CABRERA VENEROSO OLIVER DE JESUS"],"x_eco_ingreso_id":[6638,"C-0012 [84AY9K]"],"x_terminal_bel":"ICAVE ","x_eco_bel_id":[6882,"C-0025 [08AM1D]"],"x_inicio_programado_ingreso":"2024-01-17 20:27:00","travel_id":[56516,"V-40845"],"x_remolque_1_ingreso":[7181,"CH-032 [318YJ4]"],"x_remolque_2_ingreso":false,"x_dolly_ingreso":false,"x_reference_2":false,"x_programo_ingreso_usuario":"RODRIGUEZ VALLEJO LUCERO LARISA","x_programo_ingreso_fecha":"2024-01-17 19:39:28"},{"id":44436,"name":"CPV-029030","x_reference":"TCLU6719005","x_operador_retiro_id":[899,"(899) MORALES RODRIGUEZ OLIVER MARINO"],"x_mov_bel":"ICAVE 10-13","x_eco_retiro_id":[7136,"C-0131 [62AY9K]"],"x_inicio_programado_retiro":"2024-01-15 10:52:00","x_remolque_1_retiro":[7064,"PL-064 [509YJ1]"],"x_remolque_2_retiro":false,"x_dolly_retiro":false,"x_status_maniobra_retiro":"finalizado","x_tipo_terminal_retiro":"puerto","x_ejecutivo_viaje_bel":"Karina Isabel Rojas Castro","x_status_maniobra_ingreso":"finalizado","x_mov_ingreso_bel_id":[885,"(885) CABRERA VENEROSO OLIVER DE JESUS"],"x_eco_ingreso_id":[6638,"C-0012 [84AY9K]"],"x_terminal_bel":"CCIS ","x_eco_bel_id":[6884,"C-0027 [06AM1D]"],"x_inicio_programado_ingreso":"2024-01-17 20:26:00","travel_id":[56535,"V-40857"],"x_remolque_1_ingreso":[7064,"PL-064 [509YJ1]"],"x_remolque_2_ingreso":false,"x_dolly_ingreso":false,"x_reference_2":false,"x_programo_ingreso_usuario":"RODRIGUEZ VALLEJO LUCERO LARISA","x_programo_ingreso_fecha":"2024-01-17 17:23:35"},{"id":44283,"name":"CPV-028899","x_reference":"TCNU1784941","x_operador_retiro_id":[899,"(899) MORALES RODRIGUEZ OLIVER MARINO"],"x_mov_bel":"ICAVE  6-7","x_eco_retiro_id":[6880,"C-0023 [10AM1D]"],"x_inicio_programado_retiro":"2024-01-06 11:16:00","x_remolque_1_retiro":[6782,"PCE-016 [96UC2K]"],"x_remolque_2_retiro":false,"x_dolly_retiro":false,"x_status_maniobra_retiro":"finalizado","x_tipo_terminal_retiro":"puerto","x_ejecutivo_viaje_bel":"Sanchez Ceron Blanca Natalia","x_status_maniobra_ingreso":"finalizado","x_mov_ingreso_bel_id":[720,"(720) PALACETO GONZALEZ ANGEL DE JESUS"],"x_eco_ingreso_id":[6655,"C-0052 [67BB3N]"],"x_terminal_bel":"icave","x_eco_bel_id":[7076,"C-0127 [39AY8J]"],"x_inicio_programado_ingreso":"2024-01-17 19:50:00","travel_id":[56158,"V-40598"],"x_remolque_1_ingreso":[6753,"CH-003 [725XN3]"],"x_remolque_2_ingreso":false,"x_dolly_ingreso":false,"x_reference_2":false,"x_programo_ingreso_usuario":"Maricruz Orozco Lara","x_programo_ingreso_fecha":"2024-01-17 19:27:22"},{"id":44432,"name":"CPV-028987","x_reference":"HLXU8308440","x_operador_retiro_id":[299,"(299) RIVERO CONTRERAS LUIS ALBERTO"],"x_mov_bel":"ICAVE","x_eco_retiro_id":[6672,"C-0082 [12AH6D]"],"x_inicio_programado_retiro":"2024-01-12 04:17:00","x_remolque_1_retiro":[6763,"CH-012 [411WB9]"],"x_remolque_2_retiro":[6765,"CH-015 [65UB8R]"],"x_dolly_retiro":[6834,"DL-024 [No Plates]"],"x_status_maniobra_retiro":false,"x_tipo_terminal_retiro":"puerto","x_ejecutivo_viaje_bel":"Lucero Rodriguez Vallejo","x_status_maniobra_ingreso":"finalizado","x_mov_ingreso_bel_id":[434,"(434) MORALES HERNANDEZ JOSE HUMBERTO"],"x_eco_ingreso_id":[6642,"C-0016 [22AA6V]"],"x_terminal_bel":"ICAVE ","x_eco_bel_id":false,"x_inicio_programado_ingreso":"2024-01-17 19:22:00","travel_id":[56321,"V-40735"],"x_remolque_1_ingreso":[6788,"CH-018 [274XT4]"],"x_remolque_2_ingreso":false,"x_dolly_ingreso":false,"x_reference_2":false,"x_programo_ingreso_usuario":"RODRIGUEZ VALLEJO LUCERO LARISA","x_programo_ingreso_fecha":"2024-01-17 19:18:20"},{"id":44417,"name":"CPMX-4447","x_reference":"MSMU6453438","x_operador_retiro_id":[244,"(244) ANGELES ROJO MANUEL EDUARDO"],"x_mov_bel":"MEDLOG","x_eco_retiro_id":[6668,"C-0071 [76BB3N]"],"x_inicio_programado_retiro":false,"x_remolque_1_retiro":false,"x_remolque_2_retiro":false,"x_dolly_retiro":false,"x_status_maniobra_retiro":false,"x_tipo_terminal_retiro":"externa","x_ejecutivo_viaje_bel":"Daniela Cruz","x_status_maniobra_ingreso":"finalizado","x_mov_ingreso_bel_id":[299,"(299) RIVERO CONTRERAS LUIS ALBERTO"],"x_eco_ingreso_id":[6672,"C-0082 [12AH6D]"],"x_terminal_bel":"ICAVE ","x_eco_bel_id":[7051,"C-0121 [17AX5A]"],"x_inicio_programado_ingreso":"2024-01-17 19:21:00","travel_id":[56523,"V\/MEX-06449"],"x_remolque_1_ingreso":[6974,"PL-034 [53YA5B]"],"x_remolque_2_ingreso":[6991,"PL-051 [72YA5B]"],"x_dolly_ingreso":[6695,"DL-007 [S\/P]"],"x_reference_2":false,"x_programo_ingreso_usuario":"RODRIGUEZ VALLEJO LUCERO LARISA","x_programo_ingreso_fecha":"2024-01-17 18:59:58"},{"id":44111,"name":"CPMX-4446","x_reference":"CAIU8763016","x_operador_retiro_id":[244,"(244) ANGELES ROJO MANUEL EDUARDO"],"x_mov_bel":"MEDLOG","x_eco_retiro_id":[6668,"C-0071 [76BB3N]"],"x_inicio_programado_retiro":false,"x_remolque_1_retiro":false,"x_remolque_2_retiro":false,"x_dolly_retiro":false,"x_status_maniobra_retiro":false,"x_tipo_terminal_retiro":"externa","x_ejecutivo_viaje_bel":"Daniela Cruz","x_status_maniobra_ingreso":false,"x_mov_ingreso_bel_id":[299,"(299) RIVERO CONTRERAS LUIS ALBERTO"],"x_eco_ingreso_id":[6672,"C-0082 [12AH6D]"],"x_terminal_bel":"ICAVE ","x_eco_bel_id":[7051,"C-0121 [17AX5A]"],"x_inicio_programado_ingreso":"2024-01-17 19:21:00","travel_id":[56523,"V\/MEX-06449"],"x_remolque_1_ingreso":[6974,"PL-034 [53YA5B]"],"x_remolque_2_ingreso":[6991,"PL-051 [72YA5B]"],"x_dolly_ingreso":[6695,"DL-007 [S\/P]"],"x_reference_2":false,"x_programo_ingreso_usuario":"RODRIGUEZ VALLEJO LUCERO LARISA","x_programo_ingreso_fecha":"2024-01-17 18:59:58"},{"id":44512,"name":"CPV-029022","x_reference":"SEGU4398231","x_operador_retiro_id":[403,"(403) MARTINEZ ARRIAGA JONATHAN"],"x_mov_bel":"CICE 5:30 - 6:30AM","x_eco_retiro_id":[7038,"C-0116 [13AS8S]"],"x_inicio_programado_retiro":"2024-01-13 07:00:00","x_remolque_1_retiro":[7165,"PCE-025 [26US5B]"],"x_remolque_2_retiro":[6751,"CH-001 [267WP7]"],"x_dolly_retiro":[6701,"DL-012 [S\/P]"],"x_status_maniobra_retiro":"finalizado","x_tipo_terminal_retiro":"puerto","x_ejecutivo_viaje_bel":"Karina Isabel Rojas Castro","x_status_maniobra_ingreso":"finalizado","x_mov_ingreso_bel_id":[759,"(759) RODRIGUEZ ANGEL FRANCIS MIGUEL"],"x_eco_ingreso_id":[6670,"C-0080 [228DX4]"],"x_terminal_bel":"CCIS ","x_eco_bel_id":[7010,"C-0109 [93FA5A]"],"x_inicio_programado_ingreso":"2024-01-17 19:06:00","travel_id":[56389,"V-40788"],"x_remolque_1_ingreso":[7165,"PCE-025 [26US5B]"],"x_remolque_2_ingreso":[6751,"CH-001 [267WP7]"],"x_dolly_ingreso":[6701,"DL-012 [S\/P]"],"x_reference_2":false,"x_programo_ingreso_usuario":"RODRIGUEZ VALLEJO LUCERO LARISA","x_programo_ingreso_fecha":"2024-01-17 19:01:50"},{"id":44469,"name":"CPV-029021","x_reference":"FSCU9870490","x_operador_retiro_id":[403,"(403) MARTINEZ ARRIAGA JONATHAN"],"x_mov_bel":"CICE 5:30 - 6:30AM","x_eco_retiro_id":[7038,"C-0116 [13AS8S]"],"x_inicio_programado_retiro":false,"x_remolque_1_retiro":false,"x_remolque_2_retiro":false,"x_dolly_retiro":false,"x_status_maniobra_retiro":false,"x_tipo_terminal_retiro":false,"x_ejecutivo_viaje_bel":"Karina Isabel Rojas Castro","x_status_maniobra_ingreso":false,"x_mov_ingreso_bel_id":[759,"(759) RODRIGUEZ ANGEL FRANCIS MIGUEL"],"x_eco_ingreso_id":[6670,"C-0080 [228DX4]"],"x_terminal_bel":"CCIS ","x_eco_bel_id":[7010,"C-0109 [93FA5A]"],"x_inicio_programado_ingreso":"2024-01-17 19:06:00","travel_id":[56389,"V-40788"],"x_remolque_1_ingreso":[7165,"PCE-025 [26US5B]"],"x_remolque_2_ingreso":[6751,"CH-001 [267WP7]"],"x_dolly_ingreso":[6701,"DL-012 [S\/P]"],"x_reference_2":false,"x_programo_ingreso_usuario":"RODRIGUEZ VALLEJO LUCERO LARISA","x_programo_ingreso_fecha":"2024-01-17 19:01:50"},{"id":43289,"name":"CPMZN-5737","x_reference":"NYKU0854708 BOOKING; MEXD27541300","x_operador_retiro_id":[760,"(760) PAYAN ENRIQUEZ RONALDO DE JESUS"],"x_mov_bel":"CIMA","x_eco_retiro_id":[6643,"C-0017 [23AA6V]"],"x_inicio_programado_retiro":"2023-11-12 17:19:44","x_remolque_1_retiro":false,"x_remolque_2_retiro":false,"x_dolly_retiro":false,"x_status_maniobra_retiro":false,"x_tipo_terminal_retiro":"externa","x_ejecutivo_viaje_bel":"Daniela Cruz","x_status_maniobra_ingreso":false,"x_mov_ingreso_bel_id":[299,"(299) RIVERO CONTRERAS LUIS ALBERTO"],"x_eco_ingreso_id":[6672,"C-0082 [12AH6D]"],"x_terminal_bel":"ICAVE ","x_eco_bel_id":[7006,"C-0105 [95FA5A]"],"x_inicio_programado_ingreso":"2024-01-17 19:04:00","travel_id":[54948,"V\/MZN-08842"],"x_remolque_1_ingreso":[6974,"PL-034 [53YA5B]"],"x_remolque_2_ingreso":[6991,"PL-051 [72YA5B]"],"x_dolly_ingreso":[6695,"DL-007 [S\/P]"],"x_reference_2":false,"x_programo_ingreso_usuario":"RODRIGUEZ VALLEJO LUCERO LARISA","x_programo_ingreso_fecha":"2024-01-17 18:58:52"},{"id":43388,"name":"CPMZN-5741","x_reference":"TCKU1008882 BOOKING; 2729421970","x_operador_retiro_id":[760,"(760) PAYAN ENRIQUEZ RONALDO DE JESUS"],"x_mov_bel":"CIMA","x_eco_retiro_id":[6643,"C-0017 [23AA6V]"],"x_inicio_programado_retiro":"2023-11-12 17:19:44","x_remolque_1_retiro":false,"x_remolque_2_retiro":false,"x_dolly_retiro":false,"x_status_maniobra_retiro":false,"x_tipo_terminal_retiro":"externa","x_ejecutivo_viaje_bel":"Daniela Cruz","x_status_maniobra_ingreso":false,"x_mov_ingreso_bel_id":[299,"(299) RIVERO CONTRERAS LUIS ALBERTO"],"x_eco_ingreso_id":[6672,"C-0082 [12AH6D]"],"x_terminal_bel":"ICAVE ","x_eco_bel_id":[7006,"C-0105 [95FA5A]"],"x_inicio_programado_ingreso":"2024-01-17 19:04:00","travel_id":[54948,"V\/MZN-08842"],"x_remolque_1_ingreso":[6974,"PL-034 [53YA5B]"],"x_remolque_2_ingreso":[6991,"PL-051 [72YA5B]"],"x_dolly_ingreso":[6695,"DL-007 [S\/P]"],"x_reference_2":false,"x_programo_ingreso_usuario":"RODRIGUEZ VALLEJO LUCERO LARISA","x_programo_ingreso_fecha":"2024-01-17 18:58:52"},{"id":44439,"name":"CPV-029013","x_reference":"TCNU2464120","x_operador_retiro_id":[705,"(705) CONTRERAS LUNA JONATHAN"],"x_mov_bel":"CICE 7:30 - 8:30","x_eco_retiro_id":[7177,"C-0134 [72FA4L]"],"x_inicio_programado_retiro":"2024-01-13 09:30:00","x_remolque_1_retiro":[6972,"PL-033 [24YA5B]"],"x_remolque_2_retiro":false,"x_dolly_retiro":false,"x_status_maniobra_retiro":"finalizado","x_tipo_terminal_retiro":"puerto","x_ejecutivo_viaje_bel":"Karina Isabel Rojas Castro","x_status_maniobra_ingreso":"finalizado","x_mov_ingreso_bel_id":[760,"(760) PAYAN ENRIQUEZ RONALDO DE JESUS"],"x_eco_ingreso_id":[6641,"C-0015 [57AR7E]"],"x_terminal_bel":"ISL","x_eco_bel_id":[7011,"C-0110 [99FA5A]"],"x_inicio_programado_ingreso":"2024-01-17 17:34:00","travel_id":[56379,"V-40780"],"x_remolque_1_ingreso":[6972,"PL-033 [24YA5B]"],"x_remolque_2_ingreso":false,"x_dolly_ingreso":false,"x_reference_2":false,"x_programo_ingreso_usuario":"RODRIGUEZ VALLEJO LUCERO LARISA","x_programo_ingreso_fecha":"2024-01-17 17:16:59"},{"id":44431,"name":"CPV-029068","x_reference":"HLBU2614553","x_operador_retiro_id":[760,"(760) PAYAN ENRIQUEZ RONALDO DE JESUS"],"x_mov_bel":"icave zal","x_eco_retiro_id":[6641,"C-0015 [57AR7E]"],"x_inicio_programado_retiro":"2024-01-15 10:54:00","x_remolque_1_retiro":[6782,"PCE-016 [96UC2K]"],"x_remolque_2_retiro":false,"x_dolly_retiro":false,"x_status_maniobra_retiro":"finalizado","x_tipo_terminal_retiro":"puerto","x_ejecutivo_viaje_bel":"Karina Isabel Rojas Castro","x_status_maniobra_ingreso":"finalizado","x_mov_ingreso_bel_id":[875,"(875) VAZQUEZ LAGUNES EDWIN"],"x_eco_ingreso_id":[7189,"C-0141 [84BA2E]"],"x_terminal_bel":"golmex agm","x_eco_bel_id":[7178,"C-0135 [71FA4L]"],"x_inicio_programado_ingreso":"2024-01-17 17:16:00","travel_id":[56536,"V-40858"],"x_remolque_1_ingreso":[6798,"PL-005 [348WB9]"],"x_remolque_2_ingreso":false,"x_dolly_ingreso":false,"x_reference_2":false,"x_programo_ingreso_usuario":"SANCHEZ CERON BLANCA NATALIA\n","x_programo_ingreso_fecha":"2024-01-17 16:16:34"},{"id":44518,"name":"CPV-029026","x_reference":"TCLU2696046","x_operador_retiro_id":[434,"(434) MORALES HERNANDEZ JOSE HUMBERTO"],"x_mov_bel":"ICAVE ","x_eco_retiro_id":[6642,"C-0016 [22AA6V]"],"x_inicio_programado_retiro":"2024-01-16 08:00:00","x_remolque_1_retiro":[6784,"PCE-018 [31UB8H]"],"x_remolque_2_retiro":false,"x_dolly_retiro":false,"x_status_maniobra_retiro":"finalizado","x_tipo_terminal_retiro":"puerto","x_ejecutivo_viaje_bel":"Lucero Rodriguez Vallejo","x_status_maniobra_ingreso":"finalizado","x_mov_ingreso_bel_id":[720,"(720) PALACETO GONZALEZ ANGEL DE JESUS"],"x_eco_ingreso_id":[6655,"C-0052 [67BB3N]"],"x_terminal_bel":"SANTA FE ","x_eco_bel_id":[6642,"C-0016 [22AA6V]"],"x_inicio_programado_ingreso":"2024-01-17 16:37:00","travel_id":[56479,"V-40811"],"x_remolque_1_ingreso":[6784,"PCE-018 [31UB8H]"],"x_remolque_2_ingreso":false,"x_dolly_ingreso":false,"x_reference_2":false,"x_programo_ingreso_usuario":"Maricruz Orozco Lara","x_programo_ingreso_fecha":"2024-01-17 15:41:05"},{"id":44343,"name":"CPV-028951","x_reference":"DFSU6593416","x_operador_retiro_id":[875,"(875) VAZQUEZ LAGUNES EDWIN"],"x_mov_bel":"ICAVE","x_eco_retiro_id":[6882,"C-0025 [08AM1D]"],"x_inicio_programado_retiro":false,"x_remolque_1_retiro":false,"x_remolque_2_retiro":false,"x_dolly_retiro":false,"x_status_maniobra_retiro":false,"x_tipo_terminal_retiro":"puerto","x_ejecutivo_viaje_bel":"Karina Isabel Rojas Castro","x_status_maniobra_ingreso":"finalizado","x_mov_ingreso_bel_id":[759,"(759) RODRIGUEZ ANGEL FRANCIS MIGUEL"],"x_eco_ingreso_id":[6670,"C-0080 [228DX4]"],"x_terminal_bel":"ISL","x_eco_bel_id":[6659,"C-0056 [87AK2A]"],"x_inicio_programado_ingreso":"2024-01-17 16:36:00","travel_id":[56249,"V-40669"],"x_remolque_1_ingreso":[6764,"CH-013 [412WB9]"],"x_remolque_2_ingreso":false,"x_dolly_ingreso":false,"x_reference_2":false,"x_programo_ingreso_usuario":"RODRIGUEZ VALLEJO LUCERO LARISA","x_programo_ingreso_fecha":"2024-01-17 16:31:47"},{"id":44392,"name":"CPV-028952","x_reference":"MEDU7347885","x_operador_retiro_id":[875,"(875) VAZQUEZ LAGUNES EDWIN"],"x_mov_bel":"icave 7-10","x_eco_retiro_id":[6882,"C-0025 [08AM1D]"],"x_inicio_programado_retiro":"2024-01-11 10:05:00","x_remolque_1_retiro":[6757,"CH-007 [98UJ9J]"],"x_remolque_2_retiro":[6779,"PCE-013 [705UC5]"],"x_dolly_retiro":[6713,"DL-023 [S\/P]"],"x_status_maniobra_retiro":"finalizado","x_tipo_terminal_retiro":"puerto","x_ejecutivo_viaje_bel":"Karina Isabel Rojas Castro","x_status_maniobra_ingreso":"finalizado","x_mov_ingreso_bel_id":[898,"(898) LIMA REYES MICHEL ANTONIO"],"x_eco_ingreso_id":[6667,"C-0070 [207DX8]"],"x_terminal_bel":"ISL","x_eco_bel_id":[6659,"C-0056 [87AK2A]"],"x_inicio_programado_ingreso":"2024-01-17 16:30:00","travel_id":[56249,"V-40669"],"x_remolque_1_ingreso":[7105,"PL-070 [514YJ1]"],"x_remolque_2_ingreso":false,"x_dolly_ingreso":false,"x_reference_2":false,"x_programo_ingreso_usuario":"RODRIGUEZ VALLEJO LUCERO LARISA","x_programo_ingreso_fecha":"2024-01-17 16:11:16"},{"id":44446,"name":"CPV-028999","x_reference":"CSNU1799313","x_operador_retiro_id":[271,"(271) GORDILLO SALAS JESUS IVAN"],"x_mov_bel":"ICAVE 7-10","x_eco_retiro_id":[6660,"C-0057 [83AK2A]"],"x_inicio_programado_retiro":"2024-01-15 09:21:00","x_remolque_1_retiro":[6773,"PCE-007 [57UD7E]"],"x_remolque_2_retiro":[6813,"PL-017 [56UD7E]"],"x_dolly_retiro":[6694,"DL-006 [S\/P]"],"x_status_maniobra_retiro":"finalizado","x_tipo_terminal_retiro":"puerto","x_ejecutivo_viaje_bel":"Karina Isabel Rojas Castro","x_status_maniobra_ingreso":"finalizado","x_mov_ingreso_bel_id":[299,"(299) RIVERO CONTRERAS LUIS ALBERTO"],"x_eco_ingreso_id":[6672,"C-0082 [12AH6D]"],"x_terminal_bel":"ISL","x_eco_bel_id":[7039,"C-0117 [12AS8S]"],"x_inicio_programado_ingreso":"2024-01-17 16:25:00","travel_id":[56540,"V-40862"],"x_remolque_1_ingreso":[6813,"PL-017 [56UD7E]"],"x_remolque_2_ingreso":[6773,"PCE-007 [57UD7E]"],"x_dolly_ingreso":[6694,"DL-006 [S\/P]"],"x_reference_2":"BS20232250\/\/ FIM20230416","x_programo_ingreso_usuario":"RODRIGUEZ VALLEJO LUCERO LARISA","x_programo_ingreso_fecha":"2024-01-17 16:04:49"},{"id":44371,"name":"CPV-028998","x_reference":"OOLU1553461","x_operador_retiro_id":[271,"(271) GORDILLO SALAS JESUS IVAN"],"x_mov_bel":"ICAVE 7-10","x_eco_retiro_id":[6660,"C-0057 [83AK2A]"],"x_inicio_programado_retiro":"2024-01-15 07:00:00","x_remolque_1_retiro":[6810,"PL-015 [99UA7S]"],"x_remolque_2_retiro":[6921,"CH-022 [12UH5B]"],"x_dolly_retiro":[6692,"DL-004 [S\/P]"],"x_status_maniobra_retiro":false,"x_tipo_terminal_retiro":"puerto","x_ejecutivo_viaje_bel":"Karina Isabel Rojas Castro","x_status_maniobra_ingreso":false,"x_mov_ingreso_bel_id":[299,"(299) RIVERO CONTRERAS LUIS ALBERTO"],"x_eco_ingreso_id":[6672,"C-0082 [12AH6D]"],"x_terminal_bel":"ISL","x_eco_bel_id":[7039,"C-0117 [12AS8S]"],"x_inicio_programado_ingreso":"2024-01-17 16:25:00","travel_id":[56540,"V-40862"],"x_remolque_1_ingreso":[6813,"PL-017 [56UD7E]"],"x_remolque_2_ingreso":[6773,"PCE-007 [57UD7E]"],"x_dolly_ingreso":[6694,"DL-006 [S\/P]"],"x_reference_2":"BS20232250\/\/ FIM20230416","x_programo_ingreso_usuario":"RODRIGUEZ VALLEJO LUCERO LARISA","x_programo_ingreso_fecha":"2024-01-17 16:04:49"},{"id":44477,"name":"CPV-029016","x_reference":"SUDU6749443","x_operador_retiro_id":[955,"(955) MORENO VILLALOBOS DIEGO EMILIANO"],"x_mov_bel":"golmex  4- 6 \/\/ SUBE EQUIPO A MEXICO \/\/ SUBE A MANZANILLO","x_eco_retiro_id":[7187,"C-0139 [82BA2E]"],"x_inicio_programado_retiro":"2024-01-13 07:00:00","x_remolque_1_retiro":[6765,"CH-015 [65UB8R]"],"x_remolque_2_retiro":false,"x_dolly_retiro":false,"x_status_maniobra_retiro":"finalizado","x_tipo_terminal_retiro":"puerto","x_ejecutivo_viaje_bel":"Sanchez Ceron Blanca Natalia","x_status_maniobra_ingreso":"finalizado","x_mov_ingreso_bel_id":[898,"(898) LIMA REYES MICHEL ANTONIO"],"x_eco_ingreso_id":[6667,"C-0070 [207DX8]"],"x_terminal_bel":"CIMA ","x_eco_bel_id":[7015,"C-0114 [38AR9F]"],"x_inicio_programado_ingreso":"2024-01-17 14:48:00","travel_id":[56515,"V-40844"],"x_remolque_1_ingreso":[7105,"PL-070 [514YJ1]"],"x_remolque_2_ingreso":false,"x_dolly_ingreso":false,"x_reference_2":false,"x_programo_ingreso_usuario":"RODRIGUEZ VALLEJO LUCERO LARISA","x_programo_ingreso_fecha":"2024-01-17 14:34:14"},{"id":44400,"name":"CPV-028969","x_reference":"HLBU8149269","x_operador_retiro_id":[403,"(403) MARTINEZ ARRIAGA JONATHAN"],"x_mov_bel":"ICAVE  10-13","x_eco_retiro_id":[7038,"C-0116 [13AS8S]"],"x_inicio_programado_retiro":"2024-01-11 13:27:00","x_remolque_1_retiro":[6825,"CH-014 [756WT3]"],"x_remolque_2_retiro":[7047,"PL-058 [661YH9]"],"x_dolly_retiro":[7037,"DL-044 [N\/A]"],"x_status_maniobra_retiro":"finalizado","x_tipo_terminal_retiro":"puerto","x_ejecutivo_viaje_bel":"Karina Isabel Rojas Castro","x_status_maniobra_ingreso":false,"x_mov_ingreso_bel_id":[299,"(299) RIVERO CONTRERAS LUIS ALBERTO"],"x_eco_ingreso_id":[6672,"C-0082 [12AH6D]"],"x_terminal_bel":"ICAVE ","x_eco_bel_id":[6658,"C-0055 [74AD9Z]"],"x_inicio_programado_ingreso":"2024-01-17 14:39:00","travel_id":[56266,"V-40685"],"x_remolque_1_ingreso":[6763,"CH-012 [411WB9]"],"x_remolque_2_ingreso":[6786,"CH-016 [276XT4]"],"x_dolly_ingreso":[6691,"DL-003 [S\/P]"],"x_reference_2":false,"x_programo_ingreso_usuario":"RODRIGUEZ VALLEJO LUCERO LARISA","x_programo_ingreso_fecha":"2024-01-17 14:07:43"},{"id":44347,"name":"CPV-028968","x_reference":"HLBU8068613","x_operador_retiro_id":false,"x_mov_bel":"ICAVE 10-13","x_eco_retiro_id":[7038,"C-0116 [13AS8S]"],"x_inicio_programado_retiro":false,"x_remolque_1_retiro":false,"x_remolque_2_retiro":false,"x_dolly_retiro":false,"x_status_maniobra_retiro":false,"x_tipo_terminal_retiro":"puerto","x_ejecutivo_viaje_bel":"Karina Isabel Rojas Castro","x_status_maniobra_ingreso":"finalizado","x_mov_ingreso_bel_id":[299,"(299) RIVERO CONTRERAS LUIS ALBERTO"],"x_eco_ingreso_id":[6672,"C-0082 [12AH6D]"],"x_terminal_bel":"ICAVE ","x_eco_bel_id":[6658,"C-0055 [74AD9Z]"],"x_inicio_programado_ingreso":"2024-01-17 14:39:00","travel_id":[56266,"V-40685"],"x_remolque_1_ingreso":[6763,"CH-012 [411WB9]"],"x_remolque_2_ingreso":[6786,"CH-016 [276XT4]"],"x_dolly_ingreso":[6691,"DL-003 [S\/P]"],"x_reference_2":false,"x_programo_ingreso_usuario":"RODRIGUEZ VALLEJO LUCERO LARISA","x_programo_ingreso_fecha":"2024-01-17 14:07:43"},{"id":44423,"name":"CPV-029010","x_reference":"HLBU2350609","x_operador_retiro_id":[303,"(303) SANGABRIEL MOTA RAFAEL"],"x_mov_bel":"SUBE EQUIPO A MEXICO \/\/ SUBE A MANZANILLO","x_eco_retiro_id":[6895,"C-0028 [36AM2Y]"],"x_inicio_programado_retiro":"2024-01-13 07:00:00","x_remolque_1_retiro":[6788,"CH-018 [274XT4]"],"x_remolque_2_retiro":false,"x_dolly_retiro":false,"x_status_maniobra_retiro":"finalizado","x_tipo_terminal_retiro":"puerto","x_ejecutivo_viaje_bel":"Sanchez Ceron Blanca Natalia","x_status_maniobra_ingreso":"finalizado","x_mov_ingreso_bel_id":[434,"(434) MORALES HERNANDEZ JOSE HUMBERTO"],"x_eco_ingreso_id":[6642,"C-0016 [22AA6V]"],"x_terminal_bel":"GOLMEX AGM ","x_eco_bel_id":[7075,"C-0126 [41AY8J]"],"x_inicio_programado_ingreso":"2024-01-17 14:23:00","travel_id":[56514,"V-40843"],"x_remolque_1_ingreso":[6788,"CH-018 [274XT4]"],"x_remolque_2_ingreso":false,"x_dolly_ingreso":false,"x_reference_2":false,"x_programo_ingreso_usuario":"RODRIGUEZ VALLEJO LUCERO LARISA","x_programo_ingreso_fecha":"2024-01-17 14:17:39"},{"id":44430,"name":"CPV-029019","x_reference":"MEDU6722744","x_operador_retiro_id":[757,"(757) CANO BARRIOS JOSE MANUEL"],"x_mov_bel":"SUBE EQUIPO A MEXICO","x_eco_retiro_id":[7189,"C-0141 [84BA2E]"],"x_inicio_programado_retiro":"2024-01-13 01:00:00","x_remolque_1_retiro":[7167,"PCE-027 [28US5B]"],"x_remolque_2_retiro":false,"x_dolly_retiro":false,"x_status_maniobra_retiro":"finalizado","x_tipo_terminal_retiro":"puerto","x_ejecutivo_viaje_bel":"Karina Isabel Rojas Castro","x_status_maniobra_ingreso":"finalizado","x_mov_ingreso_bel_id":[720,"(720) PALACETO GONZALEZ ANGEL DE JESUS"],"x_eco_ingreso_id":[6655,"C-0052 [67BB3N]"],"x_terminal_bel":"ISL","x_eco_bel_id":[7177,"C-0134 [72FA4L]"],"x_inicio_programado_ingreso":"2024-01-17 13:37:00","travel_id":[56381,"V-40782"],"x_remolque_1_ingreso":[7167,"PCE-027 [28US5B]"],"x_remolque_2_ingreso":false,"x_dolly_ingreso":false,"x_reference_2":false,"x_programo_ingreso_usuario":"RODRIGUEZ VALLEJO LUCERO LARISA","x_programo_ingreso_fecha":"2024-01-17 13:13:52"},{"id":44516,"name":"CPV-029028","x_reference":"CAIU6602270","x_operador_retiro_id":[299,"(299) RIVERO CONTRERAS LUIS ALBERTO"],"x_mov_bel":"ICAVE","x_eco_retiro_id":[6672,"C-0082 [12AH6D]"],"x_inicio_programado_retiro":"2024-01-13 09:51:00","x_remolque_1_retiro":[6757,"CH-007 [98UJ9J]"],"x_remolque_2_retiro":[6779,"PCE-013 [705UC5]"],"x_dolly_retiro":[6713,"DL-023 [S\/P]"],"x_status_maniobra_retiro":false,"x_tipo_terminal_retiro":"puerto","x_ejecutivo_viaje_bel":"Lucero Rodriguez Vallejo","x_status_maniobra_ingreso":"finalizado","x_mov_ingreso_bel_id":[898,"(898) LIMA REYES MICHEL ANTONIO"],"x_eco_ingreso_id":[6667,"C-0070 [207DX8]"],"x_terminal_bel":"SANTA FE ","x_eco_bel_id":false,"x_inicio_programado_ingreso":"2024-01-17 13:02:00","travel_id":[56481,"V-40813"],"x_remolque_1_ingreso":[6798,"PL-005 [348WB9]"],"x_remolque_2_ingreso":false,"x_dolly_ingreso":false,"x_reference_2":false,"x_programo_ingreso_usuario":"Maricruz Orozco Lara","x_programo_ingreso_fecha":"2024-01-17 12:42:03"},{"id":44515,"name":"CPV-029027","x_reference":"CAIU2566977","x_operador_retiro_id":[299,"(299) RIVERO CONTRERAS LUIS ALBERTO"],"x_mov_bel":"CIUDAD INSDUSTRIAL ","x_eco_retiro_id":[6672,"C-0082 [12AH6D]"],"x_inicio_programado_retiro":"2024-01-16 08:00:00","x_remolque_1_retiro":[6786,"CH-016 [276XT4]"],"x_remolque_2_retiro":[6761,"PT-001 [418WB9]"],"x_dolly_retiro":[6691,"DL-003 [S\/P]"],"x_status_maniobra_retiro":false,"x_tipo_terminal_retiro":"externa","x_ejecutivo_viaje_bel":"Lucero Rodriguez Vallejo","x_status_maniobra_ingreso":"finalizado","x_mov_ingreso_bel_id":[898,"(898) LIMA REYES MICHEL ANTONIO"],"x_eco_ingreso_id":[6667,"C-0070 [207DX8]"],"x_terminal_bel":"SANTA FE ","x_eco_bel_id":false,"x_inicio_programado_ingreso":"2024-01-17 13:02:00","travel_id":[56481,"V-40813"],"x_remolque_1_ingreso":[6798,"PL-005 [348WB9]"],"x_remolque_2_ingreso":false,"x_dolly_ingreso":false,"x_reference_2":false,"x_programo_ingreso_usuario":"Maricruz Orozco Lara","x_programo_ingreso_fecha":"2024-01-17 12:42:03"},{"id":44359,"name":"CPV-028993","x_reference":"CMAU8265680","x_operador_retiro_id":[790,"(790) CRUZ ALBERTO PEDRO"],"x_mov_bel":"","x_eco_retiro_id":[6900,"C-0032 [51AM1D]"],"x_inicio_programado_retiro":"2024-01-12 11:44:00","x_remolque_1_retiro":[6919,"PL-027 [50UN3U]"],"x_remolque_2_retiro":false,"x_dolly_retiro":false,"x_status_maniobra_retiro":"finalizado","x_tipo_terminal_retiro":"puerto","x_ejecutivo_viaje_bel":"Sanchez Ceron Blanca Natalia","x_status_maniobra_ingreso":"finalizado","x_mov_ingreso_bel_id":[759,"(759) RODRIGUEZ ANGEL FRANCIS MIGUEL"],"x_eco_ingreso_id":[6655,"C-0052 [67BB3N]"],"x_terminal_bel":"CCIS ","x_eco_bel_id":[6911,"C-0036 [99AN3R]"],"x_inicio_programado_ingreso":"2024-01-17 10:50:00","travel_id":[56511,"V-40840"],"x_remolque_1_ingreso":[6919,"PL-027 [50UN3U]"],"x_remolque_2_ingreso":false,"x_dolly_ingreso":false,"x_reference_2":false,"x_programo_ingreso_usuario":"RODRIGUEZ VALLEJO LUCERO LARISA","x_programo_ingreso_fecha":"2024-01-17 10:34:13"},{"id":44115,"name":"CPMX-4441","x_reference":"CAIU8950655","x_operador_retiro_id":[244,"(244) ANGELES ROJO MANUEL EDUARDO"],"x_mov_bel":"MEDLOG","x_eco_retiro_id":[6668,"C-0071 [76BB3N]"],"x_inicio_programado_retiro":false,"x_remolque_1_retiro":false,"x_remolque_2_retiro":false,"x_dolly_retiro":false,"x_status_maniobra_retiro":false,"x_tipo_terminal_retiro":false,"x_ejecutivo_viaje_bel":"Daniela Cruz","x_status_maniobra_ingreso":"finalizado","x_mov_ingreso_bel_id":[885,"(885) CABRERA VENEROSO OLIVER DE JESUS"],"x_eco_ingreso_id":[6638,"C-0012 [84AY9K]"],"x_terminal_bel":"ICAVE ","x_eco_bel_id":[7136,"C-0131 [62AY9K]"],"x_inicio_programado_ingreso":"2024-01-17 10:44:00","travel_id":[56301,"V\/MEX-06443"],"x_remolque_1_ingreso":[7106,"PL-071 [515YJ1]"],"x_remolque_2_ingreso":[7110,"PL-072 [516YJ1]"],"x_dolly_ingreso":[6689,"DL-001 [S\/P]"],"x_reference_2":false,"x_programo_ingreso_usuario":"RODRIGUEZ VALLEJO LUCERO LARISA","x_programo_ingreso_fecha":"2024-01-17 10:28:41"},{"id":44087,"name":"CPMX-4440","x_reference":"CAIU8046015","x_operador_retiro_id":[244,"(244) ANGELES ROJO MANUEL EDUARDO"],"x_mov_bel":"medlog","x_eco_retiro_id":[6668,"C-0071 [76BB3N]"],"x_inicio_programado_retiro":false,"x_remolque_1_retiro":false,"x_remolque_2_retiro":false,"x_dolly_retiro":false,"x_status_maniobra_retiro":false,"x_tipo_terminal_retiro":"externa","x_ejecutivo_viaje_bel":"Daniela Cruz","x_status_maniobra_ingreso":"finalizado","x_mov_ingreso_bel_id":[885,"(885) CABRERA VENEROSO OLIVER DE JESUS"],"x_eco_ingreso_id":[6638,"C-0012 [84AY9K]"],"x_terminal_bel":"ICAVE ","x_eco_bel_id":[7136,"C-0131 [62AY9K]"],"x_inicio_programado_ingreso":"2024-01-17 10:44:00","travel_id":[56301,"V\/MEX-06443"],"x_remolque_1_ingreso":[7106,"PL-071 [515YJ1]"],"x_remolque_2_ingreso":[7110,"PL-072 [516YJ1]"],"x_dolly_ingreso":[6689,"DL-001 [S\/P]"],"x_reference_2":false,"x_programo_ingreso_usuario":"RODRIGUEZ VALLEJO LUCERO LARISA","x_programo_ingreso_fecha":"2024-01-17 10:28:41"},{"id":43630,"name":"CPMZN-5946","x_reference":"FBIU0433056","x_operador_retiro_id":[764,"(764) ZAVALETA LEON CELESTINO"],"x_mov_bel":"SSA","x_eco_retiro_id":[6683,"C-0103 [37AM2Y]"],"x_inicio_programado_retiro":false,"x_remolque_1_retiro":false,"x_remolque_2_retiro":false,"x_dolly_retiro":false,"x_status_maniobra_retiro":false,"x_tipo_terminal_retiro":"externa","x_ejecutivo_viaje_bel":"Ana Karen Lobato Rivera","x_status_maniobra_ingreso":"finalizado","x_mov_ingreso_bel_id":[759,"(759) RODRIGUEZ ANGEL FRANCIS MIGUEL"],"x_eco_ingreso_id":[6670,"C-0080 [228DX4]"],"x_terminal_bel":"ICAVE ","x_eco_bel_id":[6902,"C-0034 [78AM1D]"],"x_inicio_programado_ingreso":"2024-01-17 10:00:00","travel_id":[56373,"V\/MZN-09147"],"x_remolque_1_ingreso":[6790,"PT-003 [786UM1]"],"x_remolque_2_ingreso":false,"x_dolly_ingreso":false,"x_reference_2":false,"x_programo_ingreso_usuario":"RODRIGUEZ VALLEJO LUCERO LARISA","x_programo_ingreso_fecha":"2024-01-17 09:45:28"}]